{"cameraMode":{"drawMode":0,"name":"Shaded","section":"Shading Mode"},"sceneLighting":true,"audioPlay":false,"sceneViewState":{"m_AlwaysRefresh":false,"showFog":true,"showSkybox":true,"showFlares":true,"showImageEffects":true,"showParticleSystems":true,"showVisualEffectGraphs":true,"m_FxEnabled":true},"in2DMode":false,"pivot":{"x":0.08093881607055664,"y":0.8914927244186401,"z":0.1414583921432495},"rotation":{"x":-0.15122424066066743,"y":0.006521988194435835,"z":-0.0009976187720894814,"w":-0.9884804487228394},"size":0.9007890224456787,"orthographic":false}