{"count":1,"self":140.75039999999998,"total":243.14748319999998,"children":{"InitializeActuators":{"count":22,"self":0.0020020999999999997,"total":0.0020020999999999997,"children":null},"InitializeSensors":{"count":22,"self":0.0020019,"total":0.0020019,"children":null},"AgentSendState":{"count":101084,"self":0.1287766,"total":0.56366529999999992,"children":{"CollectObservations":{"count":40434,"self":0.063059999999999991,"total":0.063059999999999991,"children":null},"WriteActionMask":{"count":40434,"self":0.0090084,"total":0.0090084,"children":null},"RequestDecision":{"count":40434,"self":0.085191,"total":0.3628203,"children":{"AgentInfo.ToProto":{"count":40434,"self":0.0889065,"total":0.27762929999999997,"children":{"GenerateSensorData":{"count":40434,"self":0.1887228,"total":0.1887228,"children":null}}}}}}},"DecideAction":{"count":101084,"self":85.269216,"total":85.26921759999999,"children":null},"AgentAct":{"count":101084,"self":16.5586816,"total":16.5596828,"children":{"AgentInfo.ToProto":{"count":700,"self":0,"total":0.0010008999999999999,"children":{"GenerateSensorData":{"count":700,"self":0.0010008999999999999,"total":0.0010008999999999999,"children":null}}}}},"AgentInfo.ToProto":{"count":10,"self":0,"total":0.0005086,"children":{"GenerateSensorData":{"count":10,"self":0.0005086,"total":0.0005086,"children":null}}}},"gauges":{"WatchersPlayer.CumulativeReward":{"count":350,"max":-100,"min":-200,"runningAverage":-198.5714,"value":-200,"weightedAverage":-199.999969},"WatchersDDA.CumulativeReward":{"count":350,"max":536320.5,"min":-20000,"runningAverage":-13789.6924,"value":-20000,"weightedAverage":-19999.9961}},"metadata":{"timer_format_version":"0.1.0","start_time_seconds":"1703141340","unity_version":"2022.3.4f1","command_line_arguments":"C:\\Program Files\\Unity\\Hub\\Editor\\2022.3.4f1\\Editor\\Unity.exe -projectpath C:\\Users\\my coms\\Desktop\\메_개발자 경진대회\\Watchers -useHub -hubIPC -cloudEnvironment production","communication_protocol_version":"1.5.0","com.unity.ml-agents_version":"2.3.0-exp.3","scene_name":"StageDDA","end_time_seconds":"1703141583"}}