{"count":1,"self":67.813856,"total":70.8918063,"children":{"InitializeActuators":{"count":1,"self":0.0010008999999999999,"total":0.0010008999999999999,"children":null},"InitializeSensors":{"count":1,"self":0.0010011,"total":0.0010011,"children":null},"AgentSendState":{"count":3254,"self":0.0050053,"total":0.0220234,"children":{"CollectObservations":{"count":651,"self":0.0030036999999999998,"total":0.0030036999999999998,"children":null},"WriteActionMask":{"count":651,"self":0.0030028999999999998,"total":0.0030028999999999998,"children":null},"RequestDecision":{"count":651,"self":0.011011499999999999,"total":0.011011499999999999,"children":null}}},"DecideAction":{"count":3254,"self":2.989486,"total":2.9894859,"children":null},"AgentAct":{"count":3254,"self":0.063440299999999991,"total":0.063440299999999991,"children":null}},"gauges":{},"metadata":{"timer_format_version":"0.1.0","start_time_seconds":"1700099754","unity_version":"2022.3.4f1","command_line_arguments":"C:\\Program Files\\Unity\\Hub\\Editor\\2022.3.4f1\\Editor\\Unity.exe -projectpath C:\\Users\\my coms\\Desktop\\메_개발자 경진대회\\Watchers -useHub -hubIPC -cloudEnvironment production","communication_protocol_version":"1.5.0","com.unity.ml-agents_version":"2.3.0-exp.3","scene_name":"StagePlayer","end_time_seconds":"1700099825"}}