{"count":1,"self":31683.8412288,"total":165127.4194668,"children":{"InitializeActuators":{"count":8390,"self":0.26342329999999997,"total":0.26342329999999997,"children":null},"InitializeSensors":{"count":8390,"self":0.0971311,"total":0.0971311,"children":null},"AgentSendState":{"count":22941485,"self":26.831788799999998,"total":112.1396518,"children":{"CollectObservations":{"count":9287805,"self":14.1227536,"total":14.122753699999999,"children":null},"WriteActionMask":{"count":9148735,"self":2.5328399999999998,"total":2.5328399,"children":null},"RequestDecision":{"count":9148735,"self":17.8358512,"total":68.6522688,"children":{"AgentInfo.ToProto":{"count":9148735,"self":17.5470512,"total":50.8164175,"children":{"GenerateSensorData":{"count":9148735,"self":33.269366399999996,"total":33.2693656,"children":null}}}}}}},"DecideAction":{"count":22802415,"self":130072.85125119999,"total":130072.8573122,"children":null},"AgentAct":{"count":22802415,"self":3254.5302527999997,"total":3258.2128764999998,"children":{"AgentInfo.ToProto":{"count":728250,"self":1.2260471,"total":3.6827134999999998,"children":{"GenerateSensorData":{"count":728250,"self":2.4566664,"total":2.4566664,"children":null}}}}},"AgentInfo.ToProto":{"count":777,"self":0.0020017999999999998,"total":0.0050047,"children":{"GenerateSensorData":{"count":777,"self":0.0030028999999999998,"total":0.0030028999999999998,"children":null}}}},"gauges":{"WatchersPlayer.CumulativeReward":{"count":364125,"max":0,"min":-200,"runningAverage":-65.2597046,"value":0,"weightedAverage":-2.04796336E-19},"WatchersDDA.CumulativeReward":{"count":364125,"max":820763.063,"min":-2000000,"runningAverage":-648777.7,"value":-0.7297256,"weightedAverage":9.675979}},"metadata":{"timer_format_version":"0.1.0","start_time_seconds":"1704012235","unity_version":"2022.3.4f1","command_line_arguments":"C:\\Program Files\\Unity\\Hub\\Editor\\2022.3.4f1\\Editor\\Unity.exe -projectpath C:\\Users\\my coms\\Desktop\\메_개발자 경진대회\\Watchers -useHub -hubIPC -cloudEnvironment production","communication_protocol_version":"1.5.0","com.unity.ml-agents_version":"2.3.0-exp.3","scene_name":"StageDDA","end_time_seconds":"1704177362"}}