{"count":1,"self":402.3930112,"total":1902.9626928999999,"children":{"InitializeActuators":{"count":101,"self":0.0030027,"total":0.0030027,"children":null},"InitializeSensors":{"count":101,"self":0.0020012999999999997,"total":0.0020012999999999997,"children":null},"AgentSendState":{"count":510701,"self":0.4943471,"total":1.5978571,"children":{"CollectObservations":{"count":102141,"self":0.0988715,"total":0.0988715,"children":null},"WriteActionMask":{"count":102141,"self":0.0377575,"total":0.0377575,"children":null},"RequestDecision":{"count":102141,"self":0.2666729,"total":0.966881,"children":{"AgentInfo.ToProto":{"count":102141,"self":0.24800909999999998,"total":0.7002081,"children":{"GenerateSensorData":{"count":102141,"self":0.45219899999999996,"total":0.45219899999999996,"children":null}}}}}}},"DecideAction":{"count":510701,"self":1496.9468928,"total":1496.9468540999999,"children":null},"AgentAct":{"count":510701,"self":1.9596627999999998,"total":2.0199605,"children":{"AgentInfo.ToProto":{"count":10767,"self":0.0142572,"total":0.0602976,"children":{"GenerateSensorData":{"count":10767,"self":0.046040399999999995,"total":0.046040399999999995,"children":null}}}}}},"gauges":{"Watchers.CumulativeReward":{"count":10767,"max":7600,"min":-11651,"runningAverage":6.457237,"value":0,"weightedAverage":-5.598607E-11}},"metadata":{"timer_format_version":"0.1.0","start_time_seconds":"1696238120","unity_version":"2022.3.4f1","command_line_arguments":"C:\\Program Files\\Unity\\Hub\\Editor\\2022.3.4f1\\Editor\\Unity.exe -projectpath C:\\Users\\my coms\\Desktop\\메_개발자 경진대회\\Watchers -useHub -hubIPC -cloudEnvironment production","communication_protocol_version":"1.5.0","com.unity.ml-agents_version":"2.3.0-exp.3","scene_name":"StageDDA","end_time_seconds":"1696240022"}}